"Status","Start Time","Stop Time","Duration in ms","Parent Suite","Suite","Sub Suite","Test Class","Test Method","Name","Description"
"passed","Thu Oct 08 11:06:53 UTC 2026","Thu Oct 08 11:08:02 UTC 2026","68948","Simulador - Proyeccion de Reservas (Demo)","specs/Simulador/proyeccionReservasDemo.test.ts","Proyección de Reservas (DEMO) - Simulador de Beneficios","","","Proyección de Reservas (DEMO) | [HP] | TC_PR01: Verificar vista por defecto de Proyección de Reservas @daily",""
"passed","Thu Oct 08 11:06:09 UTC 2026","Thu Oct 08 11:08:40 UTC 2026","151866","Creacion de Estudio Actuarial - crearEstudio","specs/EstudioActuarial/crearEstudio.test.ts","Verificar creacion Estudio actuarial cusando empresa por primea vez en el sistema (no estudios previos)","","","Crear Estudio Actuarial | [HP] | TC02-01: Verificar nueva empresa se registra por primera vez @daily",""
"passed","Thu Oct 08 11:05:32 UTC 2026","Thu Oct 08 11:05:50 UTC 2026","18511","Jubilacion Patronal","specs/JubilacionPatronal/jubilacionPatronal.test.ts","Verificar lista de Actas de Jubilación (Mis Actas)","","","Lista de Actas de Jubilación | [HP] | TC01: Usuario visualiza actas pendientes y continúa con la primera acta @daily",""
"passed","Thu Oct 08 11:04:41 UTC 2026","Thu Oct 08 11:04:55 UTC 2026","13765","Inicio","specs/Inicio/inicio.test.ts","Verificar página de Inicio muestre contenido esperado","","","Inicio | [HP] | TC01: Verificar 6 servicios sean mostrados en la pagina de inicio @daily",""
"passed","Thu Oct 08 11:05:50 UTC 2026","Thu Oct 08 11:06:08 UTC 2026","17431","Jubilacion Patronal","specs/JubilacionPatronal/jubilacionPatronal.test.ts","Verificar lista de Actas de Jubilación (Mis Actas)","","","Lista de Actas de Jubilación | [HP] | TC02: Usuario elimina una acta pendiente y el conteo se actualiza @daily",""
"passed","Thu Oct 08 11:04:29 UTC 2026","Thu Oct 08 11:04:50 UTC 2026","20294","Recursos","specs/Recursos/recursos.test.ts","Verificar pestañas de Recursos","","","Recursos | [HP] | TC01: Verificar pestaña de Política de calidad @daily",""
"passed","Thu Oct 08 11:06:16 UTC 2026","Thu Oct 08 11:08:00 UTC 2026","104311","Creacion de Impuestos Diferidos","specs/ImpuestosDiferidos/crearImpuestosDif.test.ts","Verificar creacion de Impuestos Diferidos","","","Impuestos Diferidos | [HP] | TC02: Usuario puede mandar solicitud de Impuestos Diferidos @daily",""
"passed","Thu Oct 08 11:04:57 UTC 2026","Thu Oct 08 11:06:18 UTC 2026","81037","Jubilacion Patronal","specs/JubilacionPatronal/jubilacionPatronal.test.ts","Verificar historias de Usuario para Jubilacion Patronal","","","Jubilacion Patronal| ACTAF 2412 | [HP] | TC07 : Happy path, usuario ingresa 60 ultimas remuneraciones manualmente @daily",""
"broken","Thu Oct 08 11:05:33 UTC 2026","Thu Oct 08 11:06:35 UTC 2026","62095","Administracion de Usuario","specs/MiCuenta/entidades_registradas.test.ts","Verificar eliminacion y acceso a empresas","","","Entidades Registradas | [HP] | TC02: Verificar usuario puede eliminar una entidad @daily",""
"passed","Thu Oct 08 11:04:30 UTC 2026","Thu Oct 08 11:04:51 UTC 2026","20934","Recursos","specs/Recursos/recursos.test.ts","Verificar pestañas de Recursos","","","Recursos | [HP] | TC02: Verificar pestaña de Política de privacidad @daily",""
"passed","Thu Oct 08 11:08:40 UTC 2026","Thu Oct 08 11:09:54 UTC 2026","74049","Creacion de Estudio Actuarial - crearEstudio","specs/EstudioActuarial/crearEstudio.test.ts","Verificar creacion Estudio actuarial cusando empresa por primea vez en el sistema (no estudios previos)","","","Crear Estudio Actuarial | [HP] | TC02-01-I: Editar manualmente los saldos del primer estudio anterior @daily",""
"passed","Thu Oct 08 11:04:53 UTC 2026","Thu Oct 08 11:06:15 UTC 2026","82028","Jubilacion Patronal","specs/JubilacionPatronal/jubilacionPatronal.test.ts","Verificar historias de Usuario para Jubilacion Patronal","","","Jubilacion Patronal| [HP] | TC01 : Happy path, usuario sube archivo de remuneraciones, tambien verifica que se descargue el reporte de remu subido @daily",""
"passed","Thu Oct 08 11:04:52 UTC 2026","Thu Oct 08 11:05:30 UTC 2026","37666","Inicio","specs/Inicio/inicio.test.ts","Verificar página de Inicio muestre contenido esperado","","","Inicio | [HP] | TC02: Verificar datos se muestran en pagina principal @daily",""
"passed","Thu Oct 08 11:04:29 UTC 2026","Thu Oct 08 11:04:40 UTC 2026","10647","Administracion de Usuario","specs/CrearUsuario/crear_usuario.test.ts","Verificar Creación de Usuarios","","","Crear Usuario | [SP] | TC02: Verificar campos obligatorios @daily",""
"skipped","Thu Oct 08 11:06:35 UTC 2026","Thu Oct 08 11:06:35 UTC 2026","1","Administracion de Usuario","specs/MiCuenta/entidades_registradas.test.ts","Verificar eliminacion y acceso a empresas","","","Entidades Registradas | [HP] | TC03: Verificar agregar una empresa por RUC @daily",""
"passed","Thu Oct 08 11:09:54 UTC 2026","Thu Oct 08 11:10:13 UTC 2026","18476","Creacion de Estudio Actuarial - crearEstudio","specs/EstudioActuarial/crearEstudio.test.ts","Verificar gestión de Estudios Actuariales pendientes","","","Verificar Eliminacion de estudio pendiente | [HP] | ACTAF-2550 | TC03-01: Verificar que usuario puede eliminar estudios pendientes @daily",""
